Name,Slug,Collection ID,Locale ID,Item ID,Created On,Updated On,Published On,Description,Icon,Color
Alternative income,ut-amet,665fb32ea0b0c60ec91e2c83,66567a81d5c1745978fb58d5,665fb3337e1747206658a221,Wed Jun 05 2024 00:37:07 GMT+0000 (Coordinated Universal Time),Wed Jun 05 2024 00:38:34 GMT+0000 (Coordinated Universal Time),Thu Oct 24 2024 02:13:56 GMT+0000 (Coordinated Universal Time),"Maecenas euismod sapien eu arcu convallis, vitae vestibulum ipsum maximus.
Integer rutrum ante et nunc venenatis, id ultricies risus ultricies.
Lorem ipsum dolor sit amet, consectetur adipiscing elit.
Lorem ipsum dolor sit amet, consectetur adipiscing elit.
Donec e",https://uploads-ssl.webflow.com/66567a81d5c1745978fb58d6/665fb3337e1747206658a188_image5.jpeg,#9E9E9E
Credit Cards,dolore-consectetur,665fb32ea0b0c60ec91e2c83,66567a81d5c1745978fb58d5,665fb3337e1747206658a227,Wed Jun 05 2024 00:37:07 GMT+0000 (Coordinated Universal Time),Wed Jun 05 2024 00:38:16 GMT+0000 (Coordinated Universal Time),Thu Oct 24 2024 02:13:56 GMT+0000 (Coordinated Universal Time),"Lorem ipsum dolor sit amet, consectetur adipiscing elit.
Vivamus vitae arcu vel velit efficitur vestibulum vel in purus.
Sed auctor augue id tellus lacinia, nec ultricies est fermentum.
Donec eu felis at libero conse",https://uploads-ssl.webflow.com/66567a81d5c1745978fb58d6/665fb3337e1747206658a18b_image6.jpeg,#9E9E9E
Credit Score,amet,665fb32ea0b0c60ec91e2c83,66567a81d5c1745978fb58d5,665fb3337e1747206658a225,Wed Jun 05 2024 00:37:07 GMT+0000 (Coordinated Universal Time),Wed Jun 05 2024 00:38:08 GMT+0000 (Coordinated Universal Time),Thu Oct 24 2024 02:13:56 GMT+0000 (Coordinated Universal Time),"Cras sit amet velit id nulla tempus dictum sit amet eu nisi.
Sed auctor augue id tellus lacinia, nec ultricies est fermentum.
Cras sit amet velit id nulla tempus dictum sit amet eu nisi.
Maecenas euismod sapien eu arcu convallis, vitae vestibulum ipsum maximus.
Fusce aliquet tu",https://uploads-ssl.webflow.com/66567a81d5c1745978fb58d6/665fb27e7fd3ca49ebb056f3_image3.jpeg,#FF9800
Debt Collection,debt-collection,665fb32ea0b0c60ec91e2c83,66567a81d5c1745978fb58d5,665fb3337e1747206658a22c,Wed Jun 05 2024 00:37:07 GMT+0000 (Coordinated Universal Time),Wed Jun 05 2024 00:37:50 GMT+0000 (Coordinated Universal Time),Thu Oct 24 2024 02:13:56 GMT+0000 (Coordinated Universal Time),"Lorem ipsum dolor sit amet, consectetur adipiscing elit.
Vestibulum ante ipsum primis in faucibus orci luctus et ultrices posuere cubilia curae.
Lorem ipsum dolor sit amet, consectetur adipiscing elit.
Donec eu felis at libero",https://uploads-ssl.webflow.com/66567a81d5c1745978fb58d6/665fb3337e1747206658a180_image15.jpeg,#00BCD4
Financial Planning,sed-amet-consectetur,665fb32ea0b0c60ec91e2c83,66567a81d5c1745978fb58d5,665fb3337e1747206658a21d,Wed Jun 05 2024 00:37:07 GMT+0000 (Coordinated Universal Time),Wed Jun 05 2024 00:38:44 GMT+0000 (Coordinated Universal Time),Thu Oct 24 2024 02:13:56 GMT+0000 (Coordinated Universal Time),"Vivamus vitae arcu vel velit efficitur vestibulum vel in purus.
Praesent nec orci at nulla consequat congue ut non arcu.
Vestibulum ante ipsum primis in faucibus orci luctus et ultrices posuere cubilia curae.
Vestibulum ante ipsum primis in faucibus orci luctus et ultrices posuere cubilia curae",https://uploads-ssl.webflow.com/66567a81d5c1745978fb58d6/665fb27e7fd3ca49ebb056f6_image10.jpeg,#FFFFFF
